binom_name,ES,filename
Aquila.chrysaetos,SYM,Aquila.chrysaetos_reg_covariate_ensemble.tif
Capra.ibex,SYM,Capra.ibex_reg_covariate_ensemble.tif
Gentiana.acaulis,SYM,Gentiana.acaulis_reg_covariate_ensemble.tif
Gentiana.clusii,SYM,Gentiana.clusii_reg_covariate_ensemble.tif
Larix.decidua,SYM,Larix.decidua_reg_covariate_ensemble.tif
Leontopodium.alpinum,SYM,Leontopodium.alpinum_reg_covariate_ensemble.tif
Lynx.lynx,SYM,Lynx.lynx_reg_covariate_ensemble.tif
Marmota.marmota,SYM,Marmota.marmota_reg_covariate_ensemble.tif
Pinus.cembra,SYM,Pinus.cembra_reg_covariate_ensemble.tif
Pinus.mugo,SYM,Pinus.mugo_reg_covariate_ensemble.tif
Pinus.nigra,SYM,Pinus.nigra_reg_covariate_ensemble.tif
Pinus.sylvestris,SYM,Pinus.sylvestris_reg_covariate_ensemble.tif
Rhododendron.ferrugineum,SYM,Rhododendron.ferrugineum_reg_covariate_ensemble.tif
Rhododendron.hirsutum,SYM,Rhododendron.hirsutum_reg_covariate_ensemble.tif
Rupicapra.rupicapra,SYM,Rupicapra.rupicapra_reg_covariate_ensemble.tif
